Tag,Aliases,Character A,Character B
adagifire,,adagio dazzle,spitfire
adagilight,,adagio dazzle,twilight sparkle
adaginkie,,adagio dazzle,pinkie pie
adagity,,adagio dazzle,rarity
adaria,,adagio dazzle,aria blaze
amberfröst,,bifröst,amber grain
angelshy,,angel bunny,fluttershy
appleberg,,bloomberg,applejack
applecora,,zecora,applejack
applecord,,discord,applejack
appledash,,rainbow dash,applejack
applediamond,,double diamond,applejack
applefire,,spitfire,applejack
apple flitter (ship),,flitter,apple fritter
applehugger,,tree hugger,applejack
applelace,,lily lace,applejack
applelestia,,princess celestia,applejack
applemac,,big macintosh,applejack
applepie,,pinkie pie,applejack
applerise,,strawberry sunrise,applejack
appleseed,,apple bloom,babs seed
appleshill,,silver shill,applejack
appleshimmer,,sunset shimmer,applejack
appleshy,,fluttershy,applejack
applespike,,spike,applejack
applestone,,limestone pie,applejack
appletavia,,octavia melody,applejack
applezona,,arizona cow,applejack
ariander,,oleander,arizona cow
ariashy,,aria blaze,fluttershy
arisona,,aria blaze,sonata dusk
arixie,,aria blaze,trixie
autumnjack,,autumn blaze,applejack
autumnpie,,pinkie pie,autumn blaze
autumnstar,,princess skystar,autumn blaze
babsbelle,,babs seed,sweetie belle
babsglow,,babs seed,cozy glow
babstwist,,babs seed,twist
big n rich,,big macintosh,filthy rich
big scoops,,sweetcream scoops,big macintosh
bips,,babs seed,snips
blazedash,,rainbow dash,rainbow blaze
blazefoot,,blaze,fleetfoot
blember,,princess ember,prince blueblood
bloombase,,apple bloom,first base
bloomjack,,apple bloom,applejack
blossomlane,,blossomforth,thunderlane
blueburn,,braeburn,prince blueblood
bluedance,,princess cadance,prince blueblood
bluedash,,rainbow dash,prince blueblood
bluejack,,prince blueblood,applejack
bluelestia,,princess celestia,prince blueblood
bluemac,,prince blueblood,big macintosh
bluesentry,,prince blueblood,flash sentry
blueshine,,rain shine,prince blueblood
blueshy,,prince blueblood,fluttershy
bluetavia,,octavia melody,prince blueblood
bluethunder,,bluebonnet,rolling thunder
bluetrix,,trixie,prince blueblood
braeble,,braeburn,marble pie
braecora,,zecora,braeburn
braedash,,braeburn,rainbow dash
braediamond,,double diamond,braeburn
braeheart,,braeburn,little strongheart
braejack,,braeburn,applejack
braemac,,braeburn,big macintosh
braemontory,,promontory,braeburn
braepie,,pinkie pie,braeburn
braesala,,saffron masala,braeburn
braeshy,,braeburn,fluttershy
brightbutter,,bright mac,pear butter
brollyshy,,brolly,fluttershy
bulkburn,,bulk biceps,braeburn
butteroak,,butternut,oak nut
buttonseed,,babs seed,button mash
buttonsqueak,,pipsqueak,button mash
cadalis,,princess cadance,queen chrysalis
cadancepie,,princess cadance,pinkie pie
cadanshy,,princess cadance,fluttershy
cadash,,princess cadance,rainbow dash
cadmac,,princess cadance,big macintosh
capperity,,rarity,capper dapperpaws
caraflash,,sassaflash,caramel
carajack,,caramel,applejack
caralane,,thunderlane,caramel
caralestia,,princess celestia,caramel
caralight,,twilight sparkle,caramel
caralime,,caramel,limestone pie
caramac,,caramel,big macintosh
carrity,,carrot top,rarity
carrot cup,,cup cake,carrot cake
celestiance,,princess celestia,princess cadance
celestibra,,princess celestia,king sombra
celestilee,,princess celestia,cheerilee
celestimac,,princess celestia,big macintosh
celestirek,,princess celestia,lord tirek
cheerburn,,cheerilee,braeburn
cheeribloom,,cheerilee,apple bloom
cheeridash,,cheerilee,rainbow dash
cheerifire,,cheerilee,spitfire
cheerijack,,cheerilee,applejack
cheerikin,,apple bumpkin,cheerilee
cheerileaf,,jasmine leaf,cheerilee
cheerilight,,twilight sparkle,cheerilee
cheeriloo,,cheerilee,scootaloo
cheerimac,,cheerilee,big macintosh
cheerirose,,roseluck,cheerilee
cheerishower,,cheerilee,sunshower
cheerishy,,cheerilee,fluttershy
cheerispoon,,cheerilee,silver spoon
cheesedash,,cheese sandwich,rainbow dash
cheesefavor,,cheese sandwich,party favor
cheesepie,,cheese sandwich,pinkie pie
cheesixie,,cheese sandwich,trixie
cherrybreeze,,zephyr breeze,cherry jubilee
cherryburn,,cherry jubilee,braeburn
cherryflim,,flim,cherry jubilee
cherryjack,,cherry jubilee,applejack
cherrypie,,pinkie pie,cherry jubilee
chrysa-belle,,queen chrysalis,sweetie belle
chrysaluna,,princess luna,queen chrysalis
chrysashy,,fluttershy,queen chrysalis
chryshimmer,,sunset shimmer,queen chrysalis
chryslee,,cheerilee,queen chrysalis
chryslestia,,princess celestia,queen chrysalis
chrysmoon,,nightmare moon,queen chrysalis
chrysombra,,king sombra,queen chrysalis
chryspike,,spike,queen chrysalis
chryssie pie,,pinkie pie,queen chrysalis
cinchlestia,,principal abacus cinch,princess celestia
citruyenne,,cayenne,citrus blush
cloudforth,,blossomforth,cloud kicker
cloudtavia,,cloudchaser,octavia melody
cocogallop,,svengallop,coco pommel
cocojack,,coco pommel,applejack
coco pebbles,,maud pie,coco pommel
cocopolo,,suri polomare,coco pommel
cocosaddles,,sassy saddles,coco pommel
cocosentry,,flash sentry,coco pommel
cocoshill,,silver shill,coco pommel
cocoshy,,fluttershy,coco pommel
cocosparkle,,twilight sparkle,coco pommel
cocospike,,spike,coco pommel
cocostreak,,lightning streak,coco pommel
coctavia,,octavia melody,coco pommel
cologlimmer,,coloratura,starlight glimmer
colorenade,,coloratura,songbird serenade
cometdancer,,moondancer,comet tail
cometity,,rarity,comet tail
cometlight,,twilight sparkle,comet tail
cometrix,,trixie,comet tail
cookiespike,,spike,cookie crumbles
cozy lord,,lord tirek,cozy glow
cozyspike,,spike,cozy glow
cracklemash,,button mash,crackle pop
crusoestars,,rainbow stars,coco crusoe
daballeron,,daring do,doctor caballeron
daisylight,,gloriosa daisy,twilight sparkle
daisyshy,,gloriosa daisy,fluttershy
dance of the nightmares,,nightmare rarity,nightmare moon
daringcora,,zecora,daring do
daringdancer,,moondancer,daring do
daringdash,,rainbow dash,daring do
daringnambula,,somnambula,daring do
daringpants,,quibble pants,daring do
daringshy,,fluttershy,daring do
darizotl,,ahuizotl,daring do
dashfly,,rainbow dash,firefly
dashlestia,,princess celestia,rainbow dash
dashmagnus,,flash magnus,rainbow dash
dashtavia,,octavia melody,rainbow dash
dashwhinny,,ms. harshwhinny,rainbow dash
dazzlejack,,adagio dazzle,applejack
dazzlestia,,adagio dazzle,princess celestia
derpblood,,prince blueblood,derpy hooves
derpilee,,cheerilee,derpy hooves
derpin',,soarin',derpy hooves
derpity,,rarity,derpy hooves
derpsentry,,flash sentry,derpy hooves
derpyburn,,braeburn,derpy hooves
derpydash,,rainbow dash,derpy hooves
derpylestia,,princess celestia,derpy hooves
derpyloo,,scootaloo,derpy hooves
derpymac,,big macintosh,derpy hooves
derpypie,,pinkie pie,derpy hooves
derpyrose,,inky rose,derpy hooves
derpyscratch,,vinyl scratch,derpy hooves
derpyshoes,,troubleshoes clyde,derpy hooves
derpyshy,,fluttershy,derpy hooves
derpytop,,carrot top,derpy hooves
diamondbelle,,sweetie belle,diamond tiara
diamondbloom,,apple bloom,diamond tiara
diamond duo,,double diamond,rarity
diamondlight,,twilight sparkle,double diamond
dinkily,,lily longsocks,dinky hooves
dinkyderp,,dinky hooves,derpy hooves
dinkyloo,,scootaloo,dinky hooves
dinkypinch,,ruby pinch,dinky hooves
dinkyseed,,babs seed,dinky hooves
dinkysqueak,,pipsqueak,dinky hooves
dinkytiara,,dinky hooves,diamond tiara
discodance,,discord,princess cadance
discodash,,discord,rainbow dash
discolight,,twilight sparkle,discord
discolis,,discord,queen chrysalis
discomac,,discord,big macintosh
discomagnet,,discord,steven magnet
discomel,,discord,caramel
discopie,,discord,pinkie pie
discordagio,,adagio dazzle,discord
discoshy,,discord,fluttershy
dishores,,discord,sapphire shores
dislestia,,discord,princess celestia
dispike,,discord,spike
ditzyhoops,,hoops,derpy hooves
doubleblaze,,aria blaze,double diamond
doubledash,,double diamond,rainbow dash
doubleflutter,,double diamond,fluttershy
doublemac,,double diamond,big macintosh
doublepinkie,,pinkie pie,double diamond
doubletrix,,double diamond,trixie
dragon bones,,spike,skellinore
drunkcest,,berry punch,ruby pinch
dumbdash,,dumbbell,rainbow dash
dumbhoops,,dumbbell,hoops
emberford,,princess ember,prince rutherford
emberglimmer,,princess ember,starlight glimmer
emberheart,,princess ember,princess flurry heart
emberity,,princess ember,rarity
emberlestia,,princess ember,princess celestia
emberlight,,princess ember,twilight sparkle
emberspike,,princess ember,spike
embina,,princess ember,mina
emble,,princess ember,garble
embrax,,princess ember,thorax
emburst,,princess ember,sunburst
evil princest,,daybreaker,nightmare moon
fancijack,,fancypants,applejack
fancymasala,,fancypants,saffron masala
fashionbreeze,,zephyr breeze,fashion plate
featherbelle,,sweetie belle,featherweight
featherbloom,,apple bloom,featherweight
featherfire,,spitfire,featherweight
featherlee,,cheerilee,feather bangs
featherlestia,,princess celestia,featherweight
feathermac,,feather bangs,big macintosh
fiddlebrass,,fiddlesticks,beauty brass
filthilee,,cheerilee,filthy rich
filthy diamond,,filthy rich,diamond tiara
filthynelly,,whoa nelly,filthy rich
filthyspoon,,silver spoon,filthy rich
fireblaze,,firefly,rainbow blaze
firechill,,wave chill,fire streak
firedash,,fire streak,rainbow dash
firefly (pairing),,fire streak,misty fly
firelane,,spitfire,thunderlane
flamjack,,flam,applejack
flampie,,pinkie pie,flam
flamtrix,,trixie,flam
flarity,,rarity,fluttershy
flashagio,,adagio dazzle,flash sentry
flashburst,,sunburst,flash sentry
flashcadance,,princess cadance,flash sentry
flashdash,,rainbow dash,flash sentry
flashdust,,lightning dust,flash sentry
flashimmer,,sunset shimmer,flash sentry
flashlight,,twilight sparkle,flash sentry
fleetdash,,rainbow dash,fleetfoot
fleetfire,,spitfire,fleetfoot
fleetilee,,cheerilee,fleetfoot
fleetluck,,roseluck,fleetfoot
fleetmac,,fleetfoot,big macintosh
flimjack,,flim,applejack
flimpie,,flim,pinkie pie
flitderp,,flitter,derpy hooves
flithyarmor,,shining armor,filthy rich
flitterhoops,,flitter,hoops
flitterspike,,flitter,spike
flitterumble,,flitter,rumble
flixie,,flim,trixie
flowbeak,,ocean flow,sky beak
flurrax,,thorax,princess flurry heart
flurryalis,,princess flurry heart,queen chrysalis
flurryarmor,,princess flurry heart,shining armor
flurrydance,,princess cadance,princess flurry heart
flurrypie,,pinkie pie,princess flurry heart
fluttagio,,adagio dazzle,fluttershy
flutterarmor,,fluttershy,shining armor
flutterbelle,,fluttershy,sweetie belle
flutterbloom,,apple bloom,fluttershy
flutterbulk,,bulk biceps,fluttershy
flutterdash,,rainbow dash,fluttershy
flutterflam,,fluttershy,flam
flutterflash,,fluttershy,flash sentry
flutterhugger,,fluttershy,tree hugger
flutterlestia,,princess celestia,fluttershy
fluttermac,,fluttershy,big macintosh
fluttermoon,,nightmare moon,fluttershy
flutterpie,,pinkie pie,fluttershy
fluttershores,,sapphire shores,fluttershy
fluttersnails,,snails,fluttershy
flutterspike,,spike,fluttershy
fredeander,,oleander,fhtng th§ ¿nsp§kbl
fredtavia,,frederic horseshoepin,octavia melody
fuchsiavender,,lavender lace,fuchsia blush
gabbus,,gabby,gallus
gabbydash,,gabby,rainbow dash
gabbyloo,,gabby,scootaloo
gallbar,,gallus,sandbar
gallstream,,gallus,silverstream
galoxy,,galaxy (g1),locket (g1)
garbizzle,,garble,fizzle
gember,,princess ember,gilda
gilbby,,gabby,gilda
gildamac,,big macintosh,gilda
gildapie,,pinkie pie,gilda
gildash,,rainbow dash,gilda
gildashy,,fluttershy,gilda
gildest,,tempest shadow,gilda
gildin',,soarin',gilda
gildlestia,,princess celestia,gilda
glimax,,thorax,starlight glimmer
glimmercest,,firelight,starlight glimmer
glimmerdancer,,starlight glimmer,moondancer
glimmerdiamond,,starlight glimmer,double diamond
glimmerjack,,starlight glimmer,applejack
glimmermac,,starlight glimmer,big macintosh
glimmin',,starlight glimmer,soarin'
glitterblaze,,autumn blaze,glitter drops
glittershadow,,tempest shadow,glitter drops
glixie,,trixie,gilda
gloriette,,gloriosa daisy,vignette valencia
grelda,,greta,gilda
harshlee,,ms. harshwhinny,cheerilee
hippocest,,silverstream,terramar
hisambula,,somnambula,prince hisan
hoity burn,,hoity toity,braeburn
hoitymac,,hoity toity,big macintosh
hoo'blaze,,autumn blaze,hoo'far
hopeblood,,radiant hope,prince blueblood
hopebra,,radiant hope,king sombra
human flash sentry x pony twilight,,twilight sparkle,flash sentry
indiglider,,night glider,indigo zap
indigodash,,rainbow dash,indigo zap
inkity,,inky rose,rarity
inkora,,inky rose,zecora
inkybreeze,,zephyr breeze,inky rose
inkyjack,,inky rose,applejack
inky lace,,lily lace,inky rose
inkymaud,,inky rose,maud pie
inkypommel,,inky rose,coco pommel
inkyraven,,inky rose,moonlight raven
inkyweb,,funnel web,inky rose
ironflare,,stellar flare,iron will
ironshy,,iron will,fluttershy
jackxie,,jack pot,trixie
jasbriar,,jasmine leaf,mudbriar
jaxie,,jasmine leaf,trixie
jellydance,,dance fever,hugh jelly
joespike,,spike,donut joe
juniblush,,juniper montage,wallflower blush
junipersweet,,sour sweet,juniper montage
kedaddle,,skeedaddle,kettle corn
kevinheart,,kevin (changeling),princess flurry heart
lemonata,,lemon zest,sonata dusk
lemonberry,,lemon hearts,cherry berry
lemonflare,,lemon zest,sunny flare
lemonleaf,,lemon hearts,autumn leaf
lemonlight,,twilight sparkle,lemon hearts
lemonscratch,,lemon zest,vinyl scratch
lemonspike,,spike,lemon hearts
lemonsweet,,lemon zest,sour sweet
lemonzap,,lemon zest,indigo zap
lemonzentry,,lemon zest,flash sentry
lightningbell,,dumbbell,lightning dust
lightningshimmer,,sunset shimmer,lightning dust
lilymac,,lily valley,big macintosh
limedust,,lightning dust,limestone pie
limefuse,,short fuse,limestone pie
limeglow,,pacific glow,limelight
limehoops,,hoops,limestone pie
limemac,,big macintosh,limestone pie
limepierce,,pokey pierce,limestone pie
limesentry,,limestone pie,flash sentry
limette,,minuette,limestone pie
limin',,soarin',limestone pie
lofty day,,auntie lofty,aunt holiday
luckyfire,,wild fire,lucky clover
lumbra,,king sombra,princess luna
lunabelle,,princess luna,sweetie belle
lunacord,,discord,princess luna
lunadancer,,moondancer,princess luna
lunadash,,rainbow dash,princess luna
lunaderp,,princess luna,derpy hooves
lunafire,,spitfire,princess luna
lunagio,,adagio dazzle,princess luna
lunajack,,princess luna,applejack
lunamac,,princess luna,big macintosh
lunapest,,princess luna,tempest shadow
lunapip,,pipsqueak,princess luna
lunarynx,,pharynx,princess luna
lunashimmer,,sunset shimmer,princess luna
lunashy,,princess luna,fluttershy
lunatavia,,octavia melody,princess luna
lundance,,princess cadance,princess luna
luxie,,trixie,princess luna
lymond,,lyra heartstrings,double diamond
lyraderp,,lyra heartstrings,derpy hooves
lyrafire,,lyra heartstrings,spitfire
lyrajack,,lyra heartstrings,applejack
lyralane,,lyra heartstrings,thunderlane
lyralee,,lyra heartstrings,cheerilee
lyrapie,,lyra heartstrings,pinkie pie
lyraworthy,,lyra heartstrings,noteworthy
lyrin',,lyra heartstrings,soarin'
macbloom,,apple bloom,big macintosh
macinfire,,spitfire,big macintosh
mac n cheese,,cheese sandwich,big macintosh
macora,,zecora,big macintosh
mactavia,,octavia melody,big macintosh
magnambula,,somnambula,flash magnus
marbilee,,cheerilee,marble pie
marbixie,,trixie,marble pie
marbledust,,lightning dust,marble pie
marbleforth,,blossomforth,marble pie
marblemac,,big macintosh,marble pie
marbleshy,,fluttershy,marble pie
marshmallow coco,,rarity,coco pommel
maudbloom,,maud pie,apple bloom
maudbra,,maud pie,king sombra
maudbriar,,maud pie,mudbriar
maudcoat,,maud pie,sugarcoat
mauddash,,maud pie,rainbow dash
maudhugger,,maud pie,tree hugger
maudraven,,moonlight raven,maud pie
maudrax,,thorax,maud pie
maudshores,,maud pie,sapphire shores
maudwich,,cheese sandwich,maud pie
maulder,,maud pie,boulder (pet)
maupplejack,,maud pie,applejack
mauxie,,maud pie,trixie
mayorjack,,mayor mare,applejack
mayorlee,,mayor mare,cheerilee
mayormaud,,mayor mare,maud pie
mayorwhinny,,mayor mare,ms. harshwhinny
mean appledash,,mean rainbow dash,mean applejack
mean rarijack,,mean rarity,mean applejack
midnightdaydream,,twilight sparkle,sunset shimmer
minixie,,minuette,trixie
mintypie,,pinkie pie,minty
minudrops,,minuette,bon bon
minufritter,,minuette,apple fritter
minuhearts,,minuette,lemon hearts
minupie,,minuette,pinkie pie
moonblood,,moondancer,prince blueblood
moon breeze,,zephyr breeze,moondancer
moonilee,,cheerilee,moondancer
moonlightsmiles,,sunshine smiles,moonlight raven
moonset,,sunset shimmer,moondancer
moonshimmer,,sunset shimmer,moondancer
moonuette,,minuette,moondancer
muffinlee,,cheerilee,doctor muffin top
nandopie,,pinkie pie,fernando the straw
neighsparkle,,twilight sparkle,chancellor neighsay
nightdance,,princess cadance,night light
nightdiamond,,double diamond,night glider
nightglimmer,,starlight glimmer,night glider
nightheart,,nurse redheart,night light
nightmaredash,,nightmare moon,rainbow dash
nightmarejack,,nightmare moon,applejack
nightmarepie,,nightmare moon,pinkie pie
nightmare rarilight,,nightmare rarity,twilight sparkle
nightrarity,,nightmare moon,rarity
nightvelvet,,twilight velvet,night light
novolestia,,princess celestia,queen novo
novospray,,seaspray,queen novo
nursemac,,nurse redheart,big macintosh
ocelbar,,sandbar,ocellus
octyra,,lyra heartstrings,octavia melody
pantspants,,quibble pants,fancypants
papreander,,oleander,paprika paca
paprihuo,,paprika paca,tianhuo
paprikapie,,paprika paca,pinkie pie
paprizona,,paprika paca,arizona cow
partybelle,,party favor,sugar belle
partyburst,,sunburst,party favor
partydiamond,,double diamond,party favor
partyglider,,party favor,night glider
partyglimmer,,starlight glimmer,party favor
partypie,,pinkie pie,party favor
party shoes,,troubleshoes clyde,party favor
pegacest,,flitter,cloudchaser
photoity,,hoity toity,photo finish
pinata (ship),,sonata dusk,pinkie pie
pinkambula,,somnambula,pinkie pie
pinkiebass,,pinkie pie,thunderbass
pinkiedash,,pinkie pie,rainbow dash
pinkielane,,pinkie pie,thunderlane
pinkielestia,,princess celestia,pinkie pie
pinkie loves bacon bits,,sunset shimmer,pinkie pie
pinkiemac,,pinkie pie,big macintosh
pinkiemaud,,pinkie pie,maud pie
pinkieprise,,surprise,pinkie pie
pinkiespike,,spike,pinkie pie
pipbloom,,apple bloom,pipsqueak
pipflare,,pipsqueak,lightning flare
piptiara,,pipsqueak,diamond tiara
plaidbelle,,sweetie belle,plaid stripes
pokeybangs,,pokey pierce,feather bangs
pokeydash,,pokey pierce,rainbow dash
pokeylane,,pokey pierce,thunderlane
pokeymel,,pokey pierce,caramel
pokeypie,,pinkie pie,pokey pierce
pomeander,,oleander,pom lamb
pomshy,,fluttershy,pom lamb
pomzona,,pom lamb,arizona cow
ponetderp,,ponet,derpy hooves
poundflurry,,princess flurry heart,pound cake
princest,,princess celestia,princess luna
promontjack,,promontory,applejack
pumpkin heart,,princess flurry heart,pumpkin cake
quartzrock,,igneous rock,cloudy quartz
quibblebreeze,,zephyr breeze,quibble pants
quibbledash,,quibble pants,rainbow dash
quibblelight,,twilight sparkle,quibble pants
raffron,,saffron masala,rarity
rainbowberg,,bloomberg,rainbow dash
rainbow dazz,,adagio dazzle,rainbow dash
rainbowdust,,lightning dust,rainbow dash
rainbowmac,,rainbow dash,big macintosh
rainbowspike,,spike,rainbow dash
rainbowtrail,,vapor trail,rainbow dash
rarajack,,coloratura,applejack
raraspike,,coloratura,spike
rariarmor,,rarity,shining armor
raribelle,,rarity,sweetie belle
rariblood,,rarity,prince blueblood
raribloom,,apple bloom,rarity
rariburn,,braeburn,rarity
rarichaser,,cloudchaser,rarity
raricora,,zecora,rarity
raricord,,discord,rarity
raridancer,,moondancer,rarity
raridash,,rarity,rainbow dash
rarijack,,rarity,applejack
rarijoe,,rarity,donut joe
rarilane,,thunderlane,rarity
rarilee,,cheerilee,rarity
rarilestia,,princess celestia,rarity
rarilight,,twilight sparkle,rarity
rariluna,,rarity,princess luna
rarimac,,rarity,big macintosh
rarimash,,rarity,button mash
rarimaud,,maud pie,rarity
raripants,,fancypants,rarity
rariphoto,,photo finish,rarity
raripie,,pinkie pie,rarity
raripuss,,rarity,sourpuss
raririch,,rarity,filthy rich
rariscratch,,vinyl scratch,rarity
raristachio,,rarity,pistachio
raritavia,,octavia melody,rarity
raritom,,tom,rarity
rarixie,,trixie,rarity
ravenata,,moonlight raven,sonata dusk
ravenspike,,raven,spike
rosebelle,,roseluck,sweetie belle
rosette,,roseluck,minuette
roversweet,,rover,peachy sweet
rubymash,,ruby pinch,button mash
rumbelle,,rumble,sweetie belle
rumbilee,,rumble,cheerilee
rumblechaser,,rumble,cloudchaser
rumbledink,,rumble,dinky hooves
rumblehooves,,rumble,dinky hooves
rumblelane,,rumble,thunderlane
rumblemash,,rumble,button mash
rumblespike,,rumble,spike
rumbletaps,,tender taps,rumble
rumbloo,,rumble,scootaloo
rumbloom,,rumble,apple bloom
rumbsqueak,,rumble,pipsqueak
saf'far,,saffron masala,hoo'far
saffronpie,,saffron masala,pinkie pie
sandachio,,sandbar,pistachio
sandalchips,,microchips,sandalwood
sandalshy,,sandalwood,fluttershy
sapphiratura,,coloratura,sapphire shores
sapphireflam,,sapphire shores,flam
sapphire jubilee,,cherry jubilee,sapphire shores
sapphire songbird,,songbird serenade,sapphire shores
sapphity,,rarity,sapphire shores
sci-rarilight,,twilight sparkle,rarity
scitwidash,,twilight sparkle,rainbow dash
scitwijack,,twilight sparkle,applejack
scitwinkie,,twilight sparkle,pinkie pie
scitwishimmer,,twilight sparkle,sunset shimmer
scitwishy,,twilight sparkle,fluttershy
scitwispike,,twilight sparkle,spike
scootabelle,,scootaloo,sweetie belle
scootabloom,,apple bloom,scootaloo
scootadash,,scootaloo,rainbow dash
scootadust,,scootaloo,lightning dust
scootajack,,scootaloo,applejack
scootalane,,scootaloo,thunderlane
scootaluna,,scootaloo,princess luna
scootamac,,scootaloo,big macintosh
scootapie,,pinkie pie,scootaloo
scootashy,,scootaloo,fluttershy
scootasnips,,scootaloo,snips
scootaspike,,spike,scootaloo
scootember,,princess ember,scootaloo
scootiara,,scootaloo,diamond tiara
scorlight,,twilight sparkle,scorpan
scrapetavia,,vinyl scratch,octavia melody
scratchtavia,,vinyl scratch,octavia melody
screwballoose,,screwball,screw loose
screwblood,,screwball,prince blueblood
senata,,sonata dusk,flash sentry
sentrity,,rarity,flash sentry
sentrixie,,trixie,flash sentry
shadyseed,,babs seed,shady daze
shadytavia,,octavia melody,shady daze
shadytiara,,shady daze,diamond tiara
shimmerglimmer,,sunset shimmer,starlight glimmer
shiningburn,,braeburn,shining armor
shiningburst,,sunburst,shining armor
shiningcadance,,princess cadance,shining armor
shining chrysalis,,queen chrysalis,shining armor
shiningdash,,rainbow dash,shining armor
shiningjack,,shining armor,applejack
shininglane,,thunderlane,shining armor
shininglestia,,princess celestia,shining armor
shining light,,night light,shining armor
shiningluna,,princess luna,shining armor
shiningmac,,big macintosh,shining armor
shiningmoon,,princess luna,shining armor
shiningpie,,pinkie pie,shining armor
shiningsentry,,shining armor,flash sentry
shiningshadow,,tempest shadow,shining armor
shiningshimmer,,sunset shimmer,shining armor
shiningsombra,,king sombra,shining armor
shiningsparkle,,twilight sparkle,shining armor
shiningvelvet,,twilight velvet,shining armor
shintrix,,trixie,shining armor
shyagio,,adagio dazzle,fluttershy
shycora,,zecora,fluttershy
shynambula,,somnambula,mrs. shy
silverbelle,,sweetie belle,silver spoon
silvermac,,big macintosh,silver spoon
silversnips,,snips,silver spoon
silverspike,,spike,silver spoon
silverstrike,,strike,silver spoon
silvertiara,,silver spoon,diamond tiara
silvertwist,,twist,silver spoon
skylacake,,princess skyla,pound cake
skypie,,pinkie pie,princess skystar
skyshadow,,princess skystar,tempest shadow
smoozcord,,discord,smooze
smooze hugger,,smooze,tree hugger
smoozepie,,pinkie pie,smooze
snailbloom,,snails,apple bloom
snailestia,,princess celestia,snails
snailseed,,snails,babs seed
snailstwist,,snails,twist
snapplemena,,twilight sparkle,pinkie pie
soaratura,,coloratura,soarin'
soarburn,,braeburn,soarin'
soarburst,,sunburst,soarin'
soarilane,,thunderlane,soarin'
soarilee,,cheerilee,soarin'
soarimmer,,sunset shimmer,soarin'
soarin' armor,,soarin',shining armor
soarinbreeze,,zephyr breeze,soarin'
soarindash,,soarin',rainbow dash
soarinfire,,spitfire,soarin'
soarinjack,,soarin',applejack
soarinpie,,pinkie pie,soarin'
soarinshy,,soarin',fluttershy
soarlight,,twilight sparkle,soarin'
soarmac,,soarin',big macintosh
soarstinger,,sky stinger,soarin'
soartavia,,octavia melody,soarin'
sombracord,,discord,king sombra
sombrajack,,king sombra,applejack
sombralee,,king sombra,cheerilee
sombrapie,,pinkie pie,king sombra
sombrarity,,king sombra,rarity
sombrashy,,king sombra,fluttershy
sombrek,,lord tirek,king sombra
sombritter,,king sombra,apple fritter
somburst,,sunburst,king sombra
somdance,,princess cadance,king sombra
somnambrook,,somnambula,meadowbrook
sonagio,,adagio dazzle,sonata dusk
songcord,,discord,songbird serenade
songhugger,,songbird serenade,tree hugger
sourburst,,sunburst,sour sweet
sourdancer,,sour sweet,moondancer
sourflare,,sour sweet,sunny flare
sourity,,sour sweet,rarity
sourlight,,twilight sparkle,sour sweet
sournata,,sour sweet,sonata dusk
sour sentry,,sour sweet,flash sentry
sourzap,,sour sweet,indigo zap
spacest,,lotus blossom,aloe
spails,,snails,spike
sparble,,garble,spike
sparity,,spike,rarity
sparkleblaze,,twilight sparkle,aria blaze
sparlight,,spike,starlight glimmer
spearhugger,,spearhead,tree hugger
sphinxambula,,somnambula,sphinx (character)
spibby,,gabby,spike
spicora,,spike,zecora
spigate,,minuette,spike
spikebelle,,spike,sweetie belle
spikebloom,,spike,apple bloom
spikebra,,spike,king sombra
spikeceps,,spike,bulk biceps
spikechaser,,spike,cloudchaser
spikedance,,spike,princess cadance
spikedancer,,spike,moondancer
spikelestia,,princess celestia,spike
spikemash,,spike,button mash
spikemor,,spike,shining armor
spikentosh,,spike,big macintosh
spiketavia,,spike,octavia melody
spiketiara,,spike,diamond tiara
spikewhinny,,spike,ms. harshwhinny
spilomare,,spike,suri polomare
spiluna,,spike,princess luna
spina,,mina,spike
spinata,,spike,sonata dusk
spinona,,spike,winona
spips,,spike,snips
spitburn,,braeburn,spitfire
spitchaser,,cloudchaser,spitfire
spitdance,,princess cadance,spitfire
spitdash,,spitfire,rainbow dash
spitdust,,spitfire,lightning dust
spitette,,minuette,spitfire
spitpie,,pinkie pie,spitfire
spitscrewball,,screwball,spitfire
spittavia,,octavia melody,spitfire
spixie,,spike,trixie
sploe,,aloe,spike
splotus,,lotus blossom,spike
spoiledcake,,spoiled rich,cup cake
spoiledjack,,spoiled rich,applejack
spolder,,spike,smolder
spoonaloo,,scootaloo,silver spoon
spyra,,lyra heartstrings,spike
stabledash,,doctor horse,doctor stable
starbunny,,angel bunny,starlight glimmer
starburst,,sunburst,starlight glimmer
starhugger,,starlight glimmer,tree hugger
starlightzap,,starlight glimmer,indigo zap
starlyra,,lyra heartstrings,starlight glimmer
starmaud,,starlight glimmer,maud pie
startrix,,starlight glimmer,trixie
steamjack,,steam gauge,applejack
stellarbelle,,stellar flare,sugar belle
stellarlight,,firelight,stellar flare
stick and stone,,twiggy (pet),boulder (pet)
sugarbangs,,feather bangs,sugar belle
sugardiamond,,double diamond,sugar belle
sugarflare,,sunny flare,sugarcoat
sugarglider,,night glider,sugar belle
sugarlee,,cheerilee,sugar belle
sugarmac,,big macintosh,sugar belle
sugarpie,,pinkie pie,sugar belle
sugarpink,,pinkie pie,sugarcoat
sugarsweet,,sour sweet,sugarcoat
sugartrix,,trixie,sugar belle
sugartwi,,twilight sparkle,sugarcoat
sugarzap,,sugarcoat,indigo zap
sugarzest,,lemon zest,sugarcoat
sunata,,sonata dusk,sunset shimmer
sunblaze,,aria blaze,sunset shimmer
sunbreeze,,zephyr breeze,sunset shimmer
suncest,,sunburst,stellar flare
sundancer,,sunburst,moondancer
sundence,,sunburst,princess cadance
sunlace,,lily lace,sunshine smiles
sunnycinch,,principal abacus cinch,sunny flare
sunsagio,,adagio dazzle,sunset shimmer
sunsarity,,sunset shimmer,rarity
sunsestia,,princess celestia,sunset shimmer
sunsetdash,,sunset shimmer,rainbow dash
sunsetpie,,sunset shimmer,pinkie pie
sunsetsparkle,,twilight sparkle,sunset shimmer
sunsetspike,,spike,sunset shimmer
sunshine and rainbows,,sunshine smiles,rainbow dash
sunshyne,,sunset shimmer,fluttershy
sunspark,,sunburst,violet spark
suntrix,,sunset shimmer,trixie
sureta,,suri polomare,greta
suriblood,,suri polomare,prince blueblood
suricrust,,upper crust,suri polomare
suridust,,suri polomare,lightning dust
surifinish,,photo finish,suri polomare
surigallop,,svengallop,suri polomare
surilda,,suri polomare,gilda
suripie,,pinkie pie,suri polomare
surity,,suri polomare,rarity
surixie,,trixie,suri polomare
svenblood,,svengallop,prince blueblood
svera,,svengallop,coloratura
sweetiebloom,,apple bloom,sweetie belle
sweetiecord,,discord,sweetie belle
sweetiedash,,rainbow dash,sweetie belle
sweetiejack,,sweetie belle,applejack
sweetiemac,,big macintosh,sweetie belle
sweetiemash,,button mash,sweetie belle
sweetiepinch,,ruby pinch,sweetie belle
sweetiesnips,,snips,sweetie belle
sweetiesqueak,,pipsqueak,sweetie belle
taviratura,,coloratura,octavia melody
tempestia,,princess celestia,tempest shadow
tempestlight,,twilight sparkle,tempest shadow
tempestluna,,princess luna,tempest shadow
tempynx,,pharynx,tempest shadow
tenderbelle,,tender taps,sweetie belle
tenderbloom,,tender taps,apple bloom
tenderloo,,tender taps,scootaloo
terraloo,,scootaloo,terramar
terrax,,thorax,terramar
thombra,,thorax,king sombra
thoralestia,,thorax,princess celestia
thorashimmer,,thorax,sunset shimmer
thoraxburst,,sunburst,thorax
thoraxie,,thorax,trixie
thoraxshy,,thorax,fluttershy
thoraxspike,,thorax,spike
thorynx,,thorax,pharynx
thuna,,thorax,princess luna
thunderbon,,bon bon,thunderlane
thunderburn,,braeburn,thunderlane
thunderchaser,,cloudchaser,thunderlane
thunderdash,,thunderlane,rainbow dash
thunderdust,,thunderlane,lightning dust
thunderflash,,thunderbass,flash sentry
thundermac,,thunderlane,big macintosh
thunderplane,,thunderlane,derpy hooves
thundershoes,,troubleshoes clyde,thunderlane
thundershy,,thunderlane,fluttershy
thunderskies,,thunderlane,open skies
tianander,,oleander,tianhuo
tiandash,,tianhuo,rainbow dash
tiarumble,,rumble,diamond tiara
timberdazzle,,adagio dazzle,timber spruce
timberflash,,timber spruce,flash sentry
timbershy,,timber spruce,fluttershy
timbertwi,,twilight sparkle,timber spruce
tirekcord,,discord,lord tirek
tomaud,,tom,maud pie
tomberg,,tom,bloomberg
toolanut,,toola roola,coconut cream
tootsieheart,,lyra heartstrings,tootsie flute
tootsiepop,,tootsie flute,crackle pop
trails,,snails,trixie
treecoco,,tree hugger,coco pommel
treecora,,zecora,tree hugger
treecord,,discord,tree hugger
treedancer,,moondancer,tree hugger
trember,,princess ember,trixie
trenderbreeze,,zephyr breeze,trenderhoof
trenderity,,trenderhoof,rarity
trenderjack,,trenderhoof,applejack
trenette,,trenderhoof,vignette valencia
triagio,,adagio dazzle,trixie
trickdancer,,moondancer,trixie
tridance,,princess cadance,trixie
tripplejack,,trixie,applejack
trips,,snips,trixie
tripy,,trixie,derpy hooves
trixalis,,trixie,queen chrysalis
trixcord,,discord,trixie
trixdancer,,moondancer,trixie
trixdash,,trixie,rainbow dash
trixfar,,trixie,hoo'far
trixfire,,spitfire,trixie
trixiebloom,,apple bloom,trixie
trixiedusk,,sonata dusk,trixie
trixiedust,,trixie,lightning dust
trixiepie,,pinkie pie,trixie
trixieshy,,trixie,fluttershy
trixilee,,cheerilee,trixie
trixlestia,,princess celestia,trixie
trixmac,,trixie,big macintosh
trixora,,zecora,trixie
trixover,,rover,trixie
trixstone,,trixie,limestone pie
trixtavia,,octavia melody,trixie
troublehugger,,troubleshoes clyde,tree hugger
troublejack,,troubleshoes clyde,applejack
trouble pie,,troubleshoes clyde,pinkie pie
twerpy,,twilight sparkle,derpy hooves
twiblood,,twilight sparkle,prince blueblood
twibra,,twilight sparkle,king sombra
twiburn,,twilight sparkle,braeburn
twiburst,,sunburst,twilight sparkle
twicora,,twilight sparkle,zecora
twidance,,twilight sparkle,princess cadance
twidancer,,twilight sparkle,moondancer
twidash,,twilight sparkle,rainbow dash
twidust,,twilight sparkle,lightning dust
twiffron,,twilight sparkle,saffron masala
twifire,,twilight sparkle,spitfire
twiflam,,twilight sparkle,flam
twiflim,,twilight sparkle,flim
twijack,,twilight sparkle,applejack
twilane,,twilight sparkle,thunderlane
twilda,,twilight sparkle,gilda
twileander,,oleander,twilight sparkle
twilestia,,twilight sparkle,princess celestia
twilock,,twilight sparkle,shadow lock
twiluna,,twilight sparkle,princess luna
twimac,,twilight sparkle,big macintosh
twimestone,,twilight sparkle,limestone pie
twinata,,twilight sparkle,sonata dusk
twinight,,twilight sparkle,night light
twinkie,,twilight sparkle,pinkie pie
twinklespike,,spike,twinkleshine
twinuette,,twilight sparkle,minuette
twipants,,twilight sparkle,fancypants
twirax,,thorax,twilight sparkle
twisalis,,twilight sparkle,queen chrysalis
twishy,,twilight sparkle,fluttershy
twisludge,,twilight sparkle,sludge (dragon)
twispike,,twilight sparkle,spike
twistarlight,,twilight sparkle,starlight glimmer
twistbloom,,apple bloom,twist
twitaps,,tender taps,twilight sparkle
twitavia,,twilight sparkle,octavia melody
twitracker,,twilight sparkle,star tracker
twixie,,twilight sparkle,trixie
twyra,,twilight sparkle,lyra heartstrings
upperset,,upper crust,jet set
vaporpie,,pinkie pie,vapor trail
vaporsky,,sky stinger,vapor trail
velestia,,twilight velvet,princess celestia
velveander,,oleander,velvet reindeer
velvecora,,twilight velvet,zecora
velverika,,paprika paca,velvet reindeer
velvet sparkle,,twilight sparkle,twilight velvet
velvetwhistles,,twilight velvet,windy whistles
velvezona,,velvet reindeer,arizona cow
velvity,,rarity,velvet reindeer
vinyldash,,vinyl scratch,rainbow dash
vinylheart,,nurse redheart,vinyl scratch
vinylight,,twilight sparkle,vinyl scratch
vinylights,,vinyl scratch,neon lights
vinylpie,,vinyl scratch,pinkie pie
vinylspike,,spike,vinyl scratch
violetdagio,,adagio dazzle,violet blurr
wallset,,sunset shimmer,wallflower blush
windash,,wind rider,rainbow dash
windust,,lightning dust,wind rider
windyhoof,,windy whistles,bow hothoof
winomac,,winona,big macintosh
yonabar,,yona,sandbar
zapalm,,indigo zap,crimson napalm
zapsentry,,indigo zap,flash sentry
zechant,,zecora,temple chant
zecobloom,,zecora,apple bloom
zecoragio,,adagio dazzle,zecora
zecord,,discord,zecora
zephdash,,zephyr breeze,rainbow dash
zephyrfire,,zephyr breeze,spitfire
zephyrhugger,,zephyr breeze,tree hugger
zephyrlane,,zephyr breeze,thunderlane
zephyrshy,,zephyr breeze,fluttershy
zephyrstone,,zephyr breeze,limestone pie
zestblue,,lemon zest,lemonade blues
zestyfinish,,photo finish,zesty gourmand
zippoorweight,,zippoorwhill,featherweight
